{"name": "microbench_tests", "gem5_binary": "build/X86/gem5.opt", "run_script": "gem5-config/run_micro.py", "params": ["BiModeBP", "microbenchmark/ED1/bench.X86"], "timeout": 900, "_id": "b4890a13-9d0c-41be-8961-2ab9ffc36fc8", "outdir": "/data/home/bhow/450_Project/results/X86/run_micro/ED1/BiModeBP", "gem5_name": "X86", "script_name": "run_micro", "running": false, "enqueue_time": 1699225598.681177, "start_time": 1699225598.739169, "end_time": 1699225603.7787511, "return_code": 0, "kill_reason": "", "status": "Finished", "pid": 3272980, "task_id": null, "results": null, "string": "X86 run_microBiModeBP microbenchmark/ED1/bench.X86", "command": ["build/X86/gem5.opt", "-re", "--outdir=/data/home/bhow/450_Project/results/X86/run_micro/ED1/BiModeBP", "gem5-config/run_micro.py", "BiModeBP", "microbenchmark/ED1/bench.X86"], "hash": "73ce573530a193c8f31918f47e661ec5", "type": "gem5 run", "current_time": 1699225598.7457814}