{"name": "microbench_tests", "gem5_binary": "build/X86/gem5.opt", "run_script": "gem5-config/run_micro.py", "params": ["BiModeBP", "microbenchmark/DP1f/bench.X86"], "timeout": 900, "_id": "53c0a453-0606-4597-af26-fb818aaf88a5", "outdir": "/data/home/bhow/450_Project/results/X86/run_micro/DP1f/BiModeBP", "gem5_name": "X86", "script_name": "run_micro", "running": false, "enqueue_time": 1699225598.6953294, "start_time": 1699225608.8284965, "end_time": 1699225618.8874803, "return_code": 0, "kill_reason": "", "status": "Finished", "pid": 3273129, "task_id": null, "results": null, "string": "X86 run_microBiModeBP microbenchmark/DP1f/bench.X86", "command": ["build/X86/gem5.opt", "-re", "--outdir=/data/home/bhow/450_Project/results/X86/run_micro/DP1f/BiModeBP", "gem5-config/run_micro.py", "BiModeBP", "microbenchmark/DP1f/bench.X86"], "hash": "a24226821bf7439d60eeb5012cbbcde1", "type": "gem5 run", "current_time": 1699225613.8801591}