{"name": "microbench_tests", "gem5_binary": "build/X86/gem5.opt", "run_script": "gem5-config/run_micro.py", "params": ["TournamentBP", "microbenchmark/CCl/bench.X86"], "timeout": 900, "_id": "21c5d5c4-73c8-46e2-92b2-bbcd126e0479", "outdir": "/data/home/bhow/450_Project/results/X86/run_micro/CCl/TournamentBP", "gem5_name": "X86", "script_name": "run_micro", "running": false, "enqueue_time": 1699225598.6918507, "start_time": 1699225608.796285, "end_time": 1699225613.8076615, "return_code": 0, "kill_reason": "", "status": "Finished", "pid": 3273124, "task_id": null, "results": null, "string": "X86 run_microTournamentBP microbenchmark/CCl/bench.X86", "command": ["build/X86/gem5.opt", "-re", "--outdir=/data/home/bhow/450_Project/results/X86/run_micro/CCl/TournamentBP", "gem5-config/run_micro.py", "TournamentBP", "microbenchmark/CCl/bench.X86"], "hash": "7013494dfb802d11fabbde858276e4d1", "type": "gem5 run", "current_time": 1699225608.800861}