{"name": "microbench_tests", "gem5_binary": "build/X86/gem5.opt", "run_script": "gem5-config/run_micro.py", "params": ["LocalBP", "microbenchmark/MI/bench.X86"], "timeout": 900, "_id": "ed9acd3a-ced5-44c2-b4c7-10962e138968", "outdir": "/data/home/bhow/450_Project/results/X86/run_micro/MI/LocalBP", "gem5_name": "X86", "script_name": "run_micro", "running": false, "enqueue_time": 1699225598.6882634, "start_time": 1699225603.7750506, "end_time": 1699225608.7847576, "return_code": 0, "kill_reason": "", "status": "Finished", "pid": 3273055, "task_id": null, "results": null, "string": "X86 run_microLocalBP microbenchmark/MI/bench.X86", "command": ["build/X86/gem5.opt", "-re", "--outdir=/data/home/bhow/450_Project/results/X86/run_micro/MI/LocalBP", "gem5-config/run_micro.py", "LocalBP", "microbenchmark/MI/bench.X86"], "hash": "6cad2bdebbe3f9012aac1c3ae3e6f7aa", "type": "gem5 run", "current_time": 1699225603.7809358}