{"name": "microbench_tests", "gem5_binary": "build/X86/gem5.opt", "run_script": "gem5-config/run_micro.py", "params": ["LocalBP", "microbenchmark/CCa/bench.X86"], "timeout": 900, "_id": "7ccd0fdc-1f1f-4c3a-aa84-a8212dc1fc21", "outdir": "/data/home/bhow/450_Project/results/X86/run_micro/CCa/LocalBP", "gem5_name": "X86", "script_name": "run_micro", "running": false, "enqueue_time": 1699225598.6826358, "start_time": 1699225598.7398512, "end_time": 1699225603.7543457, "return_code": 0, "kill_reason": "", "status": "Finished", "pid": 3272985, "task_id": null, "results": null, "string": "X86 run_microLocalBP microbenchmark/CCa/bench.X86", "command": ["build/X86/gem5.opt", "-re", "--outdir=/data/home/bhow/450_Project/results/X86/run_micro/CCa/LocalBP", "gem5-config/run_micro.py", "LocalBP", "microbenchmark/CCa/bench.X86"], "hash": "b2149436302b5927fc6c31bac97da626", "type": "gem5 run", "current_time": 1699225598.7469704}