{"name": "microbench_tests", "gem5_binary": "build/X86/gem5.opt", "run_script": "gem5-config/run_micro.py", "params": ["LocalBP", "microbenchmark/CCl/bench.X86"], "timeout": 900, "_id": "917945ee-350c-4fbe-a52c-554bc4611494", "outdir": "/data/home/bhow/450_Project/results/X86/run_micro/CCl/LocalBP", "gem5_name": "X86", "script_name": "run_micro", "running": false, "enqueue_time": 1699225598.6911998, "start_time": 1699225608.7923265, "end_time": 1699225613.80337, "return_code": 0, "kill_reason": "", "status": "Finished", "pid": 3273122, "task_id": null, "results": null, "string": "X86 run_microLocalBP microbenchmark/CCl/bench.X86", "command": ["build/X86/gem5.opt", "-re", "--outdir=/data/home/bhow/450_Project/results/X86/run_micro/CCl/LocalBP", "gem5-config/run_micro.py", "LocalBP", "microbenchmark/CCl/bench.X86"], "hash": "f1121e63ad616c2674f9dd13b9030133", "type": "gem5 run", "current_time": 1699225608.7968664}