{"name": "microbench_tests", "gem5_binary": "build/X86/gem5.opt", "run_script": "gem5-config/run_micro.py", "params": ["TournamentBP", "microbenchmark/EI/bench.X86"], "timeout": 900, "_id": "c3bbbe3c-2cef-44fd-a84a-dbf7aece96d4", "outdir": "/data/home/bhow/450_Project/results/X86/run_micro/EI/TournamentBP", "gem5_name": "X86", "script_name": "run_micro", "running": false, "enqueue_time": 1699225598.6862051, "start_time": 1699225603.7704225, "end_time": 1699225608.7809923, "return_code": -6, "kill_reason": "", "status": "Failed", "pid": 3273052, "task_id": null, "results": null, "string": "X86 run_microTournamentBP microbenchmark/EI/bench.X86", "command": ["build/X86/gem5.opt", "-re", "--outdir=/data/home/bhow/450_Project/results/X86/run_micro/EI/TournamentBP", "gem5-config/run_micro.py", "TournamentBP", "microbenchmark/EI/bench.X86"], "hash": "8fc3e9fb45e3c342453aa42df9af629e", "type": "gem5 run", "current_time": 1699225603.7745488}