{"name": "microbench_tests", "gem5_binary": "build/X86/gem5.opt", "run_script": "gem5-config/run_micro.py", "params": ["LocalBP", "microbenchmark/DP1f/bench.X86"], "timeout": 900, "_id": "61092fba-0dee-4c34-afbd-e9b0956a7254", "outdir": "/data/home/bhow/450_Project/results/X86/run_micro/DP1f/LocalBP", "gem5_name": "X86", "script_name": "run_micro", "running": false, "enqueue_time": 1699225598.6938138, "start_time": 1699225608.810327, "end_time": 1699225618.8286486, "return_code": 0, "kill_reason": "", "status": "Finished", "pid": 3273126, "task_id": null, "results": null, "string": "X86 run_microLocalBP microbenchmark/DP1f/bench.X86", "command": ["build/X86/gem5.opt", "-re", "--outdir=/data/home/bhow/450_Project/results/X86/run_micro/DP1f/LocalBP", "gem5-config/run_micro.py", "LocalBP", "microbenchmark/DP1f/bench.X86"], "hash": "4542d0ffeed0ed9ff15db2a330f8e537", "type": "gem5 run", "current_time": 1699225613.822132}