{"name": "microbench_tests", "gem5_binary": "build/X86/gem5.opt", "run_script": "gem5-config/run_micro.py", "params": ["LTAGE", "microbenchmark/EI/bench.X86"], "timeout": 900, "_id": "d3c2e72c-3d10-4bb0-8b31-d2ee3f203030", "outdir": "/data/home/bhow/450_Project/results/X86/run_micro/EI/LTAGE", "gem5_name": "X86", "script_name": "run_micro", "running": false, "enqueue_time": 1699225598.6848257, "start_time": 1699225603.7692094, "end_time": 1699225608.7953262, "return_code": 0, "kill_reason": "", "status": "Finished", "pid": 3273050, "task_id": null, "results": null, "string": "X86 run_microLTAGE microbenchmark/EI/bench.X86", "command": ["build/X86/gem5.opt", "-re", "--outdir=/data/home/bhow/450_Project/results/X86/run_micro/EI/LTAGE", "gem5-config/run_micro.py", "LTAGE", "microbenchmark/EI/bench.X86"], "hash": "8bd918a07814e7b97f6b52b93df775ee", "type": "gem5 run", "current_time": 1699225603.7888453}