{"name": "microbench_tests", "gem5_binary": "build/X86/gem5.opt", "run_script": "gem5-config/run_micro.py", "params": ["LTAGE", "microbenchmark/CCa/bench.X86"], "timeout": 900, "_id": "ecb9a347-9781-4edb-86b6-92eb79ab769b", "outdir": "/data/home/bhow/450_Project/results/X86/run_micro/CCa/LTAGE", "gem5_name": "X86", "script_name": "run_micro", "running": false, "enqueue_time": 1699225598.6818695, "start_time": 1699225598.7397187, "end_time": 1699225603.7550673, "return_code": 0, "kill_reason": "", "status": "Finished", "pid": 3272984, "task_id": null, "results": null, "string": "X86 run_microLTAGE microbenchmark/CCa/bench.X86", "command": ["build/X86/gem5.opt", "-re", "--outdir=/data/home/bhow/450_Project/results/X86/run_micro/CCa/LTAGE", "gem5-config/run_micro.py", "LTAGE", "microbenchmark/CCa/bench.X86"], "hash": "7d6ef5a897977cf9d052d5ae3932cbe4", "type": "gem5 run", "current_time": 1699225598.7477982}