{"name": "microbench_tests", "gem5_binary": "build/X86/gem5.opt", "run_script": "gem5-config/run_micro.py", "params": ["BiModeBP", "microbenchmark/EI/bench.X86"], "timeout": 900, "_id": "0611d33b-078d-46a1-94b9-e586f61cabdf", "outdir": "/data/home/bhow/450_Project/results/X86/run_micro/EI/BiModeBP", "gem5_name": "X86", "script_name": "run_micro", "running": false, "enqueue_time": 1699225598.6869185, "start_time": 1699225603.7714531, "end_time": 1699225608.7948558, "return_code": 0, "kill_reason": "", "status": "Finished", "pid": 3273053, "task_id": null, "results": null, "string": "X86 run_microBiModeBP microbenchmark/EI/bench.X86", "command": ["build/X86/gem5.opt", "-re", "--outdir=/data/home/bhow/450_Project/results/X86/run_micro/EI/BiModeBP", "gem5-config/run_micro.py", "BiModeBP", "microbenchmark/EI/bench.X86"], "hash": "a5448af356ce9bda1adcb3eb2b1975a9", "type": "gem5 run", "current_time": 1699225603.7758014}