{"name": "microbench_tests", "gem5_binary": "build/X86/gem5.opt", "run_script": "gem5-config/run_micro.py", "params": ["BiModeBP", "microbenchmark/CCa/bench.X86"], "timeout": 900, "_id": "31b9d79a-4592-4a72-b3b3-a31f40c67764", "outdir": "/data/home/bhow/450_Project/results/X86/run_micro/CCa/BiModeBP", "gem5_name": "X86", "script_name": "run_micro", "running": false, "enqueue_time": 1699225598.684145, "start_time": 1699225598.740635, "end_time": 1699225603.7549665, "return_code": 0, "kill_reason": "", "status": "Finished", "pid": 3272983, "task_id": null, "results": null, "string": "X86 run_microBiModeBP microbenchmark/CCa/bench.X86", "command": ["build/X86/gem5.opt", "-re", "--outdir=/data/home/bhow/450_Project/results/X86/run_micro/CCa/BiModeBP", "gem5-config/run_micro.py", "BiModeBP", "microbenchmark/CCa/bench.X86"], "hash": "0fc53071eea8e7a732f2cd8610cb65ce", "type": "gem5 run", "current_time": 1699225598.7477062}