{"name": "microbench_tests", "gem5_binary": "build/X86/gem5.opt", "run_script": "gem5-config/run_micro.py", "params": ["BiModeBP", "microbenchmark/CCl/bench.X86"], "timeout": 900, "_id": "0f2bd6fe-1b65-4274-b2bf-eb1a1e3aa9eb", "outdir": "/data/home/bhow/450_Project/results/X86/run_micro/CCl/BiModeBP", "gem5_name": "X86", "script_name": "run_micro", "running": false, "enqueue_time": 1699225598.6924999, "start_time": 1699225608.796639, "end_time": 1699225613.8307922, "return_code": 0, "kill_reason": "", "status": "Finished", "pid": 3273127, "task_id": null, "results": null, "string": "X86 run_microBiModeBP microbenchmark/CCl/bench.X86", "command": ["build/X86/gem5.opt", "-re", "--outdir=/data/home/bhow/450_Project/results/X86/run_micro/CCl/BiModeBP", "gem5-config/run_micro.py", "BiModeBP", "microbenchmark/CCl/bench.X86"], "hash": "612a13d28b24b69d14343f2ebac00589", "type": "gem5 run", "current_time": 1699225608.8247085}