{"name": "microbench_tests", "gem5_binary": "build/X86/gem5.opt", "run_script": "gem5-config/run_micro.py", "params": ["TournamentBP", "microbenchmark/MI/bench.X86"], "timeout": 900, "_id": "ce680de3-c7b1-4935-a05f-b9070e1ecfbf", "outdir": "/data/home/bhow/450_Project/results/X86/run_micro/MI/TournamentBP", "gem5_name": "X86", "script_name": "run_micro", "running": false, "enqueue_time": 1699225598.688928, "start_time": 1699225603.7874873, "end_time": 1699225608.7979133, "return_code": 0, "kill_reason": "", "status": "Finished", "pid": 3273056, "task_id": null, "results": null, "string": "X86 run_microTournamentBP microbenchmark/MI/bench.X86", "command": ["build/X86/gem5.opt", "-re", "--outdir=/data/home/bhow/450_Project/results/X86/run_micro/MI/TournamentBP", "gem5-config/run_micro.py", "TournamentBP", "microbenchmark/MI/bench.X86"], "hash": "60129c0fde07673803a0363d7ad0ef7c", "type": "gem5 run", "current_time": 1699225603.7915592}