{"name": "microbench_tests", "gem5_binary": "build/X86/gem5.opt", "run_script": "gem5-config/run_micro.py", "params": ["LTAGE", "microbenchmark/MI/bench.X86"], "timeout": 900, "_id": "61533a06-c193-4adb-bd2c-54a52fab80ca", "outdir": "/data/home/bhow/450_Project/results/X86/run_micro/MI/LTAGE", "gem5_name": "X86", "script_name": "run_micro", "running": false, "enqueue_time": 1699225598.6875966, "start_time": 1699225603.7722757, "end_time": 1699225608.7791102, "return_code": 0, "kill_reason": "", "status": "Finished", "pid": 3273054, "task_id": null, "results": null, "string": "X86 run_microLTAGE microbenchmark/MI/bench.X86", "command": ["build/X86/gem5.opt", "-re", "--outdir=/data/home/bhow/450_Project/results/X86/run_micro/MI/LTAGE", "gem5-config/run_micro.py", "LTAGE", "microbenchmark/MI/bench.X86"], "hash": "65e7dcb585abbbff5d71744af4b8c04d", "type": "gem5 run", "current_time": 1699225603.7769008}