{"name": "microbench_tests", "gem5_binary": "build/X86/gem5.opt", "run_script": "gem5-config/run_micro.py", "params": ["BiModeBP", "microbenchmark/MI/bench.X86"], "timeout": 900, "_id": "a3be7210-b88b-40cc-a324-f4c0ec482dda", "outdir": "/data/home/bhow/450_Project/results/X86/run_micro/MI/BiModeBP", "gem5_name": "X86", "script_name": "run_micro", "running": false, "enqueue_time": 1699225598.6896164, "start_time": 1699225603.8078818, "end_time": 1699225608.8186743, "return_code": 0, "kill_reason": "", "status": "Finished", "pid": 3273057, "task_id": null, "results": null, "string": "X86 run_microBiModeBP microbenchmark/MI/bench.X86", "command": ["build/X86/gem5.opt", "-re", "--outdir=/data/home/bhow/450_Project/results/X86/run_micro/MI/BiModeBP", "gem5-config/run_micro.py", "BiModeBP", "microbenchmark/MI/bench.X86"], "hash": "e0a27f3443bc89aa1bb82aaab2796e14", "type": "gem5 run", "current_time": 1699225603.8125024}