{"name": "microbench_tests", "gem5_binary": "build/X86/gem5.opt", "run_script": "gem5-config/run_micro.py", "params": ["TournamentBP", "microbenchmark/CCa/bench.X86"], "timeout": 900, "_id": "a5dc1779-74ee-4bee-bd84-50e23423d429", "outdir": "/data/home/bhow/450_Project/results/X86/run_micro/CCa/TournamentBP", "gem5_name": "X86", "script_name": "run_micro", "running": false, "enqueue_time": 1699225598.6834624, "start_time": 1699225598.7401712, "end_time": 1699225603.754656, "return_code": 0, "kill_reason": "", "status": "Finished", "pid": 3272982, "task_id": null, "results": null, "string": "X86 run_microTournamentBP microbenchmark/CCa/bench.X86", "command": ["build/X86/gem5.opt", "-re", "--outdir=/data/home/bhow/450_Project/results/X86/run_micro/CCa/TournamentBP", "gem5-config/run_micro.py", "TournamentBP", "microbenchmark/CCa/bench.X86"], "hash": "ce0fb20c2f29ee44772ea645c6109d7f", "type": "gem5 run", "current_time": 1699225598.7472599}