{"name": "microbench_tests", "gem5_binary": "build/X86/gem5.opt", "run_script": "gem5-config/run_micro.py", "params": ["LTAGE", "microbenchmark/DP1f/bench.X86"], "timeout": 900, "_id": "55d13849-89aa-4530-a436-baa4d3a58314", "outdir": "/data/home/bhow/450_Project/results/X86/run_micro/DP1f/LTAGE", "gem5_name": "X86", "script_name": "run_micro", "running": false, "enqueue_time": 1699225598.693145, "start_time": 1699225608.8098333, "end_time": 1699225618.8275433, "return_code": 0, "kill_reason": "", "status": "Finished", "pid": 3273125, "task_id": null, "results": null, "string": "X86 run_microLTAGE microbenchmark/DP1f/bench.X86", "command": ["build/X86/gem5.opt", "-re", "--outdir=/data/home/bhow/450_Project/results/X86/run_micro/DP1f/LTAGE", "gem5-config/run_micro.py", "LTAGE", "microbenchmark/DP1f/bench.X86"], "hash": "4b6d852c6dec980f03ef1e698fc88164", "type": "gem5 run", "current_time": 1699225613.8208818}