{"name": "microbench_tests", "gem5_binary": "build/X86/gem5.opt", "run_script": "gem5-config/run_micro.py", "params": ["LTAGE", "microbenchmark/ED1/bench.X86"], "timeout": 900, "_id": "0d3ed78f-8ea7-42d4-96aa-3bfdaef574c3", "outdir": "/data/home/bhow/450_Project/results/X86/run_micro/ED1/LTAGE", "gem5_name": "X86", "script_name": "run_micro", "running": false, "enqueue_time": 1699225598.6783018, "start_time": 1699225598.7376506, "end_time": 1699225603.7513, "return_code": 0, "kill_reason": "", "status": "Finished", "pid": 3272979, "task_id": null, "results": null, "string": "X86 run_microLTAGE microbenchmark/ED1/bench.X86", "command": ["build/X86/gem5.opt", "-re", "--outdir=/data/home/bhow/450_Project/results/X86/run_micro/ED1/LTAGE", "gem5-config/run_micro.py", "LTAGE", "microbenchmark/ED1/bench.X86"], "hash": "32a507cacdb02fa021c4b8e13c811741", "type": "gem5 run", "current_time": 1699225598.7437623}