{"name": "microbench_tests", "gem5_binary": "build/X86/gem5.opt", "run_script": "gem5-config/run_micro.py", "params": ["LocalBP", "microbenchmark/EI/bench.X86"], "timeout": 900, "_id": "058ecf05-10f7-4414-93a8-fa7683948ce4", "outdir": "/data/home/bhow/450_Project/results/X86/run_micro/EI/LocalBP", "gem5_name": "X86", "script_name": "run_micro", "running": false, "enqueue_time": 1699225598.6855116, "start_time": 1699225603.7702932, "end_time": 1699225608.7808368, "return_code": 0, "kill_reason": "", "status": "Finished", "pid": 3273051, "task_id": null, "results": null, "string": "X86 run_microLocalBP microbenchmark/EI/bench.X86", "command": ["build/X86/gem5.opt", "-re", "--outdir=/data/home/bhow/450_Project/results/X86/run_micro/EI/LocalBP", "gem5-config/run_micro.py", "LocalBP", "microbenchmark/EI/bench.X86"], "hash": "d62d42c2799197995707a907e0f26745", "type": "gem5 run", "current_time": 1699225603.7742877}