{"name": "microbench_tests", "gem5_binary": "build/X86/gem5.opt", "run_script": "gem5-config/run_micro.py", "params": ["TournamentBP", "microbenchmark/DP1f/bench.X86"], "timeout": 900, "_id": "dae7268f-7daf-4347-bd97-d23f3e955fca", "outdir": "/data/home/bhow/450_Project/results/X86/run_micro/DP1f/TournamentBP", "gem5_name": "X86", "script_name": "run_micro", "running": false, "enqueue_time": 1699225598.6946275, "start_time": 1699225608.8100595, "end_time": 1699225618.8396146, "return_code": 0, "kill_reason": "", "status": "Finished", "pid": 3273128, "task_id": null, "results": null, "string": "X86 run_microTournamentBP microbenchmark/DP1f/bench.X86", "command": ["build/X86/gem5.opt", "-re", "--outdir=/data/home/bhow/450_Project/results/X86/run_micro/DP1f/TournamentBP", "gem5-config/run_micro.py", "TournamentBP", "microbenchmark/DP1f/bench.X86"], "hash": "312ba7cac9cdeeb16bc12641c49651fb", "type": "gem5 run", "current_time": 1699225613.8331618}