{"name": "microbench_tests", "gem5_binary": "build/X86/gem5.opt", "run_script": "gem5-config/run_micro.py", "params": ["TournamentBP", "microbenchmark/ED1/bench.X86"], "timeout": 900, "_id": "adabb3d6-7f71-477c-a270-02d38fca260d", "outdir": "/data/home/bhow/450_Project/results/X86/run_micro/ED1/TournamentBP", "gem5_name": "X86", "script_name": "run_micro", "running": false, "enqueue_time": 1699225598.6804252, "start_time": 1699225598.7393289, "end_time": 1699225603.7545664, "return_code": 0, "kill_reason": "", "status": "Finished", "pid": 3272981, "task_id": null, "results": null, "string": "X86 run_microTournamentBP microbenchmark/ED1/bench.X86", "command": ["build/X86/gem5.opt", "-re", "--outdir=/data/home/bhow/450_Project/results/X86/run_micro/ED1/TournamentBP", "gem5-config/run_micro.py", "TournamentBP", "microbenchmark/ED1/bench.X86"], "hash": "cf5adffcdfd545d59edd8ccb35b17d64", "type": "gem5 run", "current_time": 1699225598.746822}