{"name": "microbench_tests", "gem5_binary": "build/X86/gem5.opt", "run_script": "gem5-config/run_micro.py", "params": ["LTAGE", "microbenchmark/CCl/bench.X86"], "timeout": 900, "_id": "8fbf1ccb-1bb6-4225-9c8f-c7d93ef69b68", "outdir": "/data/home/bhow/450_Project/results/X86/run_micro/CCl/LTAGE", "gem5_name": "X86", "script_name": "run_micro", "running": false, "enqueue_time": 1699225598.6905384, "start_time": 1699225608.7923021, "end_time": 1699225613.8228338, "return_code": 0, "kill_reason": "", "status": "Finished", "pid": 3273123, "task_id": null, "results": null, "string": "X86 run_microLTAGE microbenchmark/CCl/bench.X86", "command": ["build/X86/gem5.opt", "-re", "--outdir=/data/home/bhow/450_Project/results/X86/run_micro/CCl/LTAGE", "gem5-config/run_micro.py", "LTAGE", "microbenchmark/CCl/bench.X86"], "hash": "0db80abb76864002cfea34fd2b041370", "type": "gem5 run", "current_time": 1699225608.8165627}