{"name": "microbench_tests", "gem5_binary": "build/X86/gem5.opt", "run_script": "gem5-config/run_micro.py", "params": ["LocalBP", "microbenchmark/ED1/bench.X86"], "timeout": 900, "_id": "3ac51ce1-d56e-4e98-931e-ef032dbd29b3", "outdir": "/data/home/bhow/450_Project/results/X86/run_micro/ED1/LocalBP", "gem5_name": "X86", "script_name": "run_micro", "running": false, "enqueue_time": 1699225598.679701, "start_time": 1699225598.7388124, "end_time": 1699225603.7712796, "return_code": 0, "kill_reason": "", "status": "Finished", "pid": 3272986, "task_id": null, "results": null, "string": "X86 run_microLocalBP microbenchmark/ED1/bench.X86", "command": ["build/X86/gem5.opt", "-re", "--outdir=/data/home/bhow/450_Project/results/X86/run_micro/ED1/LocalBP", "gem5-config/run_micro.py", "LocalBP", "microbenchmark/ED1/bench.X86"], "hash": "e2395f22260e1ef0049c11360c660510", "type": "gem5 run", "current_time": 1699225598.7637901}